series_id,country,period,value,unit,published_at,retrieved_at,source_url,note
gdp_cny,CHN,1960,147330000000,CNY,,2026-10-01T15:44:06+00:00,https://api.worldbank.org/v2/country/CHN/indicator/NY.GDP.MKTP.CN?source=2&date=1960&format=json,
gdp_cny,CHN,1961,123490000000,CNY,,2026-10-01T15:44:06+00:00,https://api.worldbank.org/v2/country/CHN/indicator/NY.GDP.MKTP.CN?source=2&date=1961&format=json,
gdp_cny,CHN,1962,116470000000,CNY,,2026-10-01T15:44:06+00:00,https://api.worldbank.org/v2/country/CHN/indicator/NY.GDP.MKTP.CN?source=2&date=1962&format=json,
gdp_cny,CHN,1963,125090000000,CNY,,2026-10-01T15:44:06+00:00,https://api.worldbank.org/v2/country/CHN/indicator/NY.GDP.MKTP.CN?source=2&date=1963&format=json,
gdp_cny,CHN,1964,147270000000,CNY,,2026-10-01T15:44:06+00:00,https://api.worldbank.org/v2/country/CHN/indicator/NY.GDP.MKTP.CN?source=2&date=1964&format=json,
gdp_cny,CHN,1965,173720000000,CNY,,2026-10-01T15:44:06+00:00,https://api.worldbank.org/v2/country/CHN/indicator/NY.GDP.MKTP.CN?source=2&date=1965&format=json,
gdp_cny,CHN,1966,189200000000,CNY,,2026-10-01T15:44:06+00:00,https://api.worldbank.org/v2/country/CHN/indicator/NY.GDP.MKTP.CN?source=2&date=1966&format=json,
gdp_cny,CHN,1967,179740000000,CNY,,2026-10-01T15:44:06+00:00,https://api.worldbank.org/v2/country/CHN/indicator/NY.GDP.MKTP.CN?source=2&date=1967&format=json,
gdp_cny,CHN,1968,174740000000,CNY,,2026-10-01T15:44:06+00:00,https://api.worldbank.org/v2/country/CHN/indicator/NY.GDP.MKTP.CN?source=2&date=1968&format=json,
gdp_cny,CHN,1969,196570000000,CNY,,2026-10-01T15:44:06+00:00,https://api.worldbank.org/v2/country/CHN/indicator/NY.GDP.MKTP.CN?source=2&date=1969&format=json,
gdp_cny,CHN,1970,228340000000,CNY,,2026-10-01T15:44:06+00:00,https://api.worldbank.org/v2/country/CHN/indicator/NY.GDP.MKTP.CN?source=2&date=1970&format=json,
gdp_cny,CHN,1971,246080000000,CNY,,2026-10-01T15:44:06+00:00,https://api.worldbank.org/v2/country/CHN/indicator/NY.GDP.MKTP.CN?source=2&date=1971&format=json,
gdp_cny,CHN,1972,255650000000,CNY,,2026-10-01T15:44:06+00:00,https://api.worldbank.org/v2/country/CHN/indicator/NY.GDP.MKTP.CN?source=2&date=1972&format=json,
gdp_cny,CHN,1973,276060000000,CNY,,2026-10-01T15:44:06+00:00,https://api.worldbank.org/v2/country/CHN/indicator/NY.GDP.MKTP.CN?source=2&date=1973&format=json,
gdp_cny,CHN,1974,283220000000,CNY,,2026-10-01T15:44:06+00:00,https://api.worldbank.org/v2/country/CHN/indicator/NY.GDP.MKTP.CN?source=2&date=1974&format=json,
gdp_cny,CHN,1975,304430000000,CNY,,2026-10-01T15:44:06+00:00,https://api.worldbank.org/v2/country/CHN/indicator/NY.GDP.MKTP.CN?source=2&date=1975&format=json,
gdp_cny,CHN,1976,299360000000,CNY,,2026-10-01T15:44:06+00:00,https://api.worldbank.org/v2/country/CHN/indicator/NY.GDP.MKTP.CN?source=2&date=1976&format=json,
gdp_cny,CHN,1977,325540000000,CNY,,2026-10-01T15:44:06+00:00,https://api.worldbank.org/v2/country/CHN/indicator/NY.GDP.MKTP.CN?source=2&date=1977&format=json,
gdp_cny,CHN,1978,368480000000,CNY,,2026-10-01T15:44:06+00:00,https://api.worldbank.org/v2/country/CHN/indicator/NY.GDP.MKTP.CN?source=2&date=1978&format=json,
gdp_cny,CHN,1979,410720000000,CNY,,2026-10-01T15:44:06+00:00,https://api.worldbank.org/v2/country/CHN/indicator/NY.GDP.MKTP.CN?source=2&date=1979&format=json,
gdp_cny,CHN,1980,459570000000,CNY,,2026-10-01T15:44:06+00:00,https://api.worldbank.org/v2/country/CHN/indicator/NY.GDP.MKTP.CN?source=2&date=1980&format=json,
gdp_cny,CHN,1981,494470000000,CNY,,2026-10-01T15:44:06+00:00,https://api.worldbank.org/v2/country/CHN/indicator/NY.GDP.MKTP.CN?source=2&date=1981&format=json,
gdp_cny,CHN,1982,538360000000,CNY,,2026-10-01T15:44:06+00:00,https://api.worldbank.org/v2/country/CHN/indicator/NY.GDP.MKTP.CN?source=2&date=1982&format=json,
gdp_cny,CHN,1983,603250000000,CNY,,2026-10-01T15:44:06+00:00,https://api.worldbank.org/v2/country/CHN/indicator/NY.GDP.MKTP.CN?source=2&date=1983&format=json,
gdp_cny,CHN,1984,729240000000,CNY,,2026-10-01T15:44:06+00:00,https://api.worldbank.org/v2/country/CHN/indicator/NY.GDP.MKTP.CN?source=2&date=1984&format=json,
gdp_cny,CHN,1985,911590000000,CNY,,2026-10-01T15:44:06+00:00,https://api.worldbank.org/v2/country/CHN/indicator/NY.GDP.MKTP.CN?source=2&date=1985&format=json,
gdp_cny,CHN,1986,1039520000000,CNY,,2026-10-01T15:44:06+00:00,https://api.worldbank.org/v2/country/CHN/indicator/NY.GDP.MKTP.CN?source=2&date=1986&format=json,
gdp_cny,CHN,1987,1219610000000,CNY,,2026-10-01T15:44:06+00:00,https://api.worldbank.org/v2/country/CHN/indicator/NY.GDP.MKTP.CN?source=2&date=1987&format=json,
gdp_cny,CHN,1988,1520640000000,CNY,,2026-10-01T15:44:06+00:00,https://api.worldbank.org/v2/country/CHN/indicator/NY.GDP.MKTP.CN?source=2&date=1988&format=json,
gdp_cny,CHN,1989,1721000000000,CNY,,2026-10-01T15:44:06+00:00,https://api.worldbank.org/v2/country/CHN/indicator/NY.GDP.MKTP.CN?source=2&date=1989&format=json,
gdp_cny,CHN,1990,1890960000000,CNY,,2026-10-01T15:44:06+00:00,https://api.worldbank.org/v2/country/CHN/indicator/NY.GDP.MKTP.CN?source=2&date=1990&format=json,
gdp_cny,CHN,1991,2207090000000,CNY,,2026-10-01T15:44:06+00:00,https://api.worldbank.org/v2/country/CHN/indicator/NY.GDP.MKTP.CN?source=2&date=1991&format=json,
gdp_cny,CHN,1992,2729560000000,CNY,,2026-10-01T15:44:06+00:00,https://api.worldbank.org/v2/country/CHN/indicator/NY.GDP.MKTP.CN?source=2&date=1992&format=json,
gdp_cny,CHN,1993,3581970000000,CNY,,2026-10-01T15:44:06+00:00,https://api.worldbank.org/v2/country/CHN/indicator/NY.GDP.MKTP.CN?source=2&date=1993&format=json,
gdp_cny,CHN,1994,4886220000000,CNY,,2026-10-01T15:44:06+00:00,https://api.worldbank.org/v2/country/CHN/indicator/NY.GDP.MKTP.CN?source=2&date=1994&format=json,
gdp_cny,CHN,1995,6164940000000,CNY,,2026-10-01T15:44:06+00:00,https://api.worldbank.org/v2/country/CHN/indicator/NY.GDP.MKTP.CN?source=2&date=1995&format=json,
gdp_cny,CHN,1996,7221060000000,CNY,,2026-10-01T15:44:06+00:00,https://api.worldbank.org/v2/country/CHN/indicator/NY.GDP.MKTP.CN?source=2&date=1996&format=json,
gdp_cny,CHN,1997,8022500000000,CNY,,2026-10-01T15:44:06+00:00,https://api.worldbank.org/v2/country/CHN/indicator/NY.GDP.MKTP.CN?source=2&date=1997&format=json,
gdp_cny,CHN,1998,8586390000000,CNY,,2026-10-01T15:44:06+00:00,https://api.worldbank.org/v2/country/CHN/indicator/NY.GDP.MKTP.CN?source=2&date=1998&format=json,
gdp_cny,CHN,1999,9137890000000,CNY,,2026-10-01T15:44:06+00:00,https://api.worldbank.org/v2/country/CHN/indicator/NY.GDP.MKTP.CN?source=2&date=1999&format=json,
gdp_cny,CHN,2000,10130860000000,CNY,,2026-10-01T15:44:06+00:00,https://api.worldbank.org/v2/country/CHN/indicator/NY.GDP.MKTP.CN?source=2&date=2000&format=json,
gdp_cny,CHN,2001,11215730000000,CNY,,2026-10-01T15:44:06+00:00,https://api.worldbank.org/v2/country/CHN/indicator/NY.GDP.MKTP.CN?source=2&date=2001&format=json,
gdp_cny,CHN,2002,12331190000000,CNY,,2026-10-01T15:44:06+00:00,https://api.worldbank.org/v2/country/CHN/indicator/NY.GDP.MKTP.CN?source=2&date=2002&format=json,
gdp_cny,CHN,2003,13937730000000,CNY,,2026-10-01T15:44:06+00:00,https://api.worldbank.org/v2/country/CHN/indicator/NY.GDP.MKTP.CN?source=2&date=2003&format=json,
gdp_cny,CHN,2004,16422800000000,CNY,,2026-10-01T15:44:06+00:00,https://api.worldbank.org/v2/country/CHN/indicator/NY.GDP.MKTP.CN?source=2&date=2004&format=json,
gdp_cny,CHN,2005,18990750000000,CNY,,2026-10-01T15:44:06+00:00,https://api.worldbank.org/v2/country/CHN/indicator/NY.GDP.MKTP.CN?source=2&date=2005&format=json,
gdp_cny,CHN,2006,22257840000000,CNY,,2026-10-01T15:44:06+00:00,https://api.worldbank.org/v2/country/CHN/indicator/NY.GDP.MKTP.CN?source=2&date=2006&format=json,
gdp_cny,CHN,2007,27417970000000,CNY,,2026-10-01T15:44:06+00:00,https://api.worldbank.org/v2/country/CHN/indicator/NY.GDP.MKTP.CN?source=2&date=2007&format=json,
gdp_cny,CHN,2008,32431780000000,CNY,,2026-10-01T15:44:06+00:00,https://api.worldbank.org/v2/country/CHN/indicator/NY.GDP.MKTP.CN?source=2&date=2008&format=json,
gdp_cny,CHN,2009,35452160000000,CNY,,2026-10-01T15:44:06+00:00,https://api.worldbank.org/v2/country/CHN/indicator/NY.GDP.MKTP.CN?source=2&date=2009&format=json,
gdp_cny,CHN,2010,41925330000000,CNY,,2026-10-01T15:44:06+00:00,https://api.worldbank.org/v2/country/CHN/indicator/NY.GDP.MKTP.CN?source=2&date=2010&format=json,
gdp_cny,CHN,2011,49570760000000,CNY,,2026-10-01T15:44:06+00:00,https://api.worldbank.org/v2/country/CHN/indicator/NY.GDP.MKTP.CN?source=2&date=2011&format=json,
gdp_cny,CHN,2012,54751060000000,CNY,,2026-10-01T15:44:06+00:00,https://api.worldbank.org/v2/country/CHN/indicator/NY.GDP.MKTP.CN?source=2&date=2012&format=json,
gdp_cny,CHN,2013,60366040000000,CNY,,2026-10-01T15:44:06+00:00,https://api.worldbank.org/v2/country/CHN/indicator/NY.GDP.MKTP.CN?source=2&date=2013&format=json,
gdp_cny,CHN,2014,65578290000000,CNY,,2026-10-01T15:44:06+00:00,https://api.worldbank.org/v2/country/CHN/indicator/NY.GDP.MKTP.CN?source=2&date=2014&format=json,
gdp_cny,CHN,2015,70251150000000,CNY,,2026-10-01T15:44:06+00:00,https://api.worldbank.org/v2/country/CHN/indicator/NY.GDP.MKTP.CN?source=2&date=2015&format=json,
gdp_cny,CHN,2016,76119300000000,CNY,,2026-10-01T15:44:06+00:00,https://api.worldbank.org/v2/country/CHN/indicator/NY.GDP.MKTP.CN?source=2&date=2016&format=json,
gdp_cny,CHN,2017,84738290000000,CNY,,2026-10-01T15:44:06+00:00,https://api.worldbank.org/v2/country/CHN/indicator/NY.GDP.MKTP.CN?source=2&date=2017&format=json,
gdp_cny,CHN,2018,93601010000000,CNY,,2026-10-01T15:44:06+00:00,https://api.worldbank.org/v2/country/CHN/indicator/NY.GDP.MKTP.CN?source=2&date=2018&format=json,
gdp_cny,CHN,2019,100587240000000,CNY,,2026-10-01T15:44:06+00:00,https://api.worldbank.org/v2/country/CHN/indicator/NY.GDP.MKTP.CN?source=2&date=2019&format=json,
gdp_cny,CHN,2020,103486760000000,CNY,,2026-10-01T15:44:06+00:00,https://api.worldbank.org/v2/country/CHN/indicator/NY.GDP.MKTP.CN?source=2&date=2020&format=json,
gdp_cny,CHN,2021,117382300000000,CNY,,2026-10-01T15:44:06+00:00,https://api.worldbank.org/v2/country/CHN/indicator/NY.GDP.MKTP.CN?source=2&date=2021&format=json,
gdp_cny,CHN,2022,123402940000000,CNY,,2026-10-01T15:44:06+00:00,https://api.worldbank.org/v2/country/CHN/indicator/NY.GDP.MKTP.CN?source=2&date=2022&format=json,
gdp_cny,CHN,2023,129427170000000,CNY,,2026-10-01T15:44:06+00:00,https://api.worldbank.org/v2/country/CHN/indicator/NY.GDP.MKTP.CN?source=2&date=2023&format=json,
gdp_cny,CHN,2024,134806620000000,CNY,,2026-10-01T15:44:06+00:00,https://api.worldbank.org/v2/country/CHN/indicator/NY.GDP.MKTP.CN?source=2&date=2024&format=json,
gdp_cny,CHN,2025,140187920000000,CNY,,2026-10-01T15:44:06+00:00,https://api.worldbank.org/v2/country/CHN/indicator/NY.GDP.MKTP.CN?source=2&date=2025&format=json,
gdp_growth,CHN,1960,,percent,,2026-10-01T15:44:06+00:00,https://api.worldbank.org/v2/country/CHN/indicator/NY.GDP.MKTP.KD.ZG?source=2&date=1960&format=json,
gdp_growth,CHN,1961,-27.2700000038883,percent,,2026-10-01T15:44:06+00:00,https://api.worldbank.org/v2/country/CHN/indicator/NY.GDP.MKTP.KD.ZG?source=2&date=1961&format=json,
gdp_growth,CHN,1962,-5.57999999019671,percent,,2026-10-01T15:44:06+00:00,https://api.worldbank.org/v2/country/CHN/indicator/NY.GDP.MKTP.KD.ZG?source=2&date=1962&format=json,
gdp_growth,CHN,1963,10.2999999963989,percent,,2026-10-01T15:44:06+00:00,https://api.worldbank.org/v2/country/CHN/indicator/NY.GDP.MKTP.KD.ZG?source=2&date=1963&format=json,
gdp_growth,CHN,1964,18.1799999938203,percent,,2026-10-01T15:44:06+00:00,https://api.worldbank.org/v2/country/CHN/indicator/NY.GDP.MKTP.KD.ZG?source=2&date=1964&format=json,
gdp_growth,CHN,1965,16.9500000038699,percent,,2026-10-01T15:44:06+00:00,https://api.worldbank.org/v2/country/CHN/indicator/NY.GDP.MKTP.KD.ZG?source=2&date=1965&format=json,
gdp_growth,CHN,1966,10.6499999984174,percent,,2026-10-01T15:44:06+00:00,https://api.worldbank.org/v2/country/CHN/indicator/NY.GDP.MKTP.KD.ZG?source=2&date=1966&format=json,
gdp_growth,CHN,1967,-5.77000000405148,percent,,2026-10-01T15:44:06+00:00,https://api.worldbank.org/v2/country/CHN/indicator/NY.GDP.MKTP.KD.ZG?source=2&date=1967&format=json,
gdp_growth,CHN,1968,-4.09999998647768,percent,,2026-10-01T15:44:06+00:00,https://api.worldbank.org/v2/country/CHN/indicator/NY.GDP.MKTP.KD.ZG?source=2&date=1968&format=json,
gdp_growth,CHN,1969,16.9399999960609,percent,,2026-10-01T15:44:06+00:00,https://api.worldbank.org/v2/country/CHN/indicator/NY.GDP.MKTP.KD.ZG?source=2&date=1969&format=json,
gdp_growth,CHN,1970,19.2999999967022,percent,,2026-10-01T15:44:06+00:00,https://api.worldbank.org/v2/country/CHN/indicator/NY.GDP.MKTP.KD.ZG?source=2&date=1970&format=json,
gdp_growth,CHN,1971,7.05999999853672,percent,,2026-10-01T15:44:06+00:00,https://api.worldbank.org/v2/country/CHN/indicator/NY.GDP.MKTP.KD.ZG?source=2&date=1971&format=json,
gdp_growth,CHN,1972,3.81000000021984,percent,,2026-10-01T15:44:06+00:00,https://api.worldbank.org/v2/country/CHN/indicator/NY.GDP.MKTP.KD.ZG?source=2&date=1972&format=json,
gdp_growth,CHN,1973,7.76000000084325,percent,,2026-10-01T15:44:06+00:00,https://api.worldbank.org/v2/country/CHN/indicator/NY.GDP.MKTP.KD.ZG?source=2&date=1973&format=json,
gdp_growth,CHN,1974,2.31000000294736,percent,,2026-10-01T15:44:06+00:00,https://api.worldbank.org/v2/country/CHN/indicator/NY.GDP.MKTP.KD.ZG?source=2&date=1974&format=json,
gdp_growth,CHN,1975,8.71999999747992,percent,,2026-10-01T15:44:06+00:00,https://api.worldbank.org/v2/country/CHN/indicator/NY.GDP.MKTP.KD.ZG?source=2&date=1975&format=json,
gdp_growth,CHN,1976,-1.57000000165326,percent,,2026-10-01T15:44:06+00:00,https://api.worldbank.org/v2/country/CHN/indicator/NY.GDP.MKTP.KD.ZG?source=2&date=1976&format=json,
gdp_growth,CHN,1977,7.57000000138403,percent,,2026-10-01T15:44:06+00:00,https://api.worldbank.org/v2/country/CHN/indicator/NY.GDP.MKTP.KD.ZG?source=2&date=1977&format=json,
gdp_growth,CHN,1978,11.3269542129809,percent,,2026-10-01T15:44:06+00:00,https://api.worldbank.org/v2/country/CHN/indicator/NY.GDP.MKTP.KD.ZG?source=2&date=1978&format=json,
gdp_growth,CHN,1979,7.59480175999998,percent,,2026-10-01T15:44:06+00:00,https://api.worldbank.org/v2/country/CHN/indicator/NY.GDP.MKTP.KD.ZG?source=2&date=1979&format=json,
gdp_growth,CHN,1980,7.84141706847441,percent,,2026-10-01T15:44:06+00:00,https://api.worldbank.org/v2/country/CHN/indicator/NY.GDP.MKTP.KD.ZG?source=2&date=1980&format=json,
gdp_growth,CHN,1981,5.11486309071954,percent,,2026-10-01T15:44:06+00:00,https://api.worldbank.org/v2/country/CHN/indicator/NY.GDP.MKTP.KD.ZG?source=2&date=1981&format=json,
gdp_growth,CHN,1982,9.02434347373044,percent,,2026-10-01T15:44:06+00:00,https://api.worldbank.org/v2/country/CHN/indicator/NY.GDP.MKTP.KD.ZG?source=2&date=1982&format=json,
gdp_growth,CHN,1983,10.7718383060041,percent,,2026-10-01T15:44:06+00:00,https://api.worldbank.org/v2/country/CHN/indicator/NY.GDP.MKTP.KD.ZG?source=2&date=1983&format=json,
gdp_growth,CHN,1984,15.1921349118079,percent,,2026-10-01T15:44:06+00:00,https://api.worldbank.org/v2/country/CHN/indicator/NY.GDP.MKTP.KD.ZG?source=2&date=1984&format=json,
gdp_growth,CHN,1985,13.4284820016509,percent,,2026-10-01T15:44:06+00:00,https://api.worldbank.org/v2/country/CHN/indicator/NY.GDP.MKTP.KD.ZG?source=2&date=1985&format=json,
gdp_growth,CHN,1986,8.9437463904392,percent,,2026-10-01T15:44:06+00:00,https://api.worldbank.org/v2/country/CHN/indicator/NY.GDP.MKTP.KD.ZG?source=2&date=1986&format=json,
gdp_growth,CHN,1987,11.6552658383921,percent,,2026-10-01T15:44:06+00:00,https://api.worldbank.org/v2/country/CHN/indicator/NY.GDP.MKTP.KD.ZG?source=2&date=1987&format=json,
gdp_growth,CHN,1988,11.2209115803492,percent,,2026-10-01T15:44:06+00:00,https://api.worldbank.org/v2/country/CHN/indicator/NY.GDP.MKTP.KD.ZG?source=2&date=1988&format=json,
gdp_growth,CHN,1989,4.20785693658392,percent,,2026-10-01T15:44:06+00:00,https://api.worldbank.org/v2/country/CHN/indicator/NY.GDP.MKTP.KD.ZG?source=2&date=1989&format=json,
gdp_growth,CHN,1990,3.9225195692421,percent,,2026-10-01T15:44:06+00:00,https://api.worldbank.org/v2/country/CHN/indicator/NY.GDP.MKTP.KD.ZG?source=2&date=1990&format=json,
gdp_growth,CHN,1991,9.37563237902144,percent,,2026-10-01T15:44:06+00:00,https://api.worldbank.org/v2/country/CHN/indicator/NY.GDP.MKTP.KD.ZG?source=2&date=1991&format=json,
gdp_growth,CHN,1992,14.2976226152779,percent,,2026-10-01T15:44:06+00:00,https://api.worldbank.org/v2/country/CHN/indicator/NY.GDP.MKTP.KD.ZG?source=2&date=1992&format=json,
gdp_growth,CHN,1993,13.9261028311995,percent,,2026-10-01T15:44:06+00:00,https://api.worldbank.org/v2/country/CHN/indicator/NY.GDP.MKTP.KD.ZG?source=2&date=1993&format=json,
gdp_growth,CHN,1994,13.0827122987906,percent,,2026-10-01T15:44:06+00:00,https://api.worldbank.org/v2/country/CHN/indicator/NY.GDP.MKTP.KD.ZG?source=2&date=1994&format=json,
gdp_growth,CHN,1995,11.0154136659719,percent,,2026-10-01T15:44:06+00:00,https://api.worldbank.org/v2/country/CHN/indicator/NY.GDP.MKTP.KD.ZG?source=2&date=1995&format=json,
gdp_growth,CHN,1996,9.97328781228394,percent,,2026-10-01T15:44:06+00:00,https://api.worldbank.org/v2/country/CHN/indicator/NY.GDP.MKTP.KD.ZG?source=2&date=1996&format=json,
gdp_growth,CHN,1997,9.29759460595947,percent,,2026-10-01T15:44:06+00:00,https://api.worldbank.org/v2/country/CHN/indicator/NY.GDP.MKTP.KD.ZG?source=2&date=1997&format=json,
gdp_growth,CHN,1998,7.92354535108497,percent,,2026-10-01T15:44:06+00:00,https://api.worldbank.org/v2/country/CHN/indicator/NY.GDP.MKTP.KD.ZG?source=2&date=1998&format=json,
gdp_growth,CHN,1999,7.74123827728161,percent,,2026-10-01T15:44:06+00:00,https://api.worldbank.org/v2/country/CHN/indicator/NY.GDP.MKTP.KD.ZG?source=2&date=1999&format=json,
gdp_growth,CHN,2000,8.57357328926101,percent,,2026-10-01T15:44:06+00:00,https://api.worldbank.org/v2/country/CHN/indicator/NY.GDP.MKTP.KD.ZG?source=2&date=2000&format=json,
gdp_growth,CHN,2001,8.32404695347056,percent,,2026-10-01T15:44:06+00:00,https://api.worldbank.org/v2/country/CHN/indicator/NY.GDP.MKTP.KD.ZG?source=2&date=2001&format=json,
gdp_growth,CHN,2002,9.23604870383861,percent,,2026-10-01T15:44:06+00:00,https://api.worldbank.org/v2/country/CHN/indicator/NY.GDP.MKTP.KD.ZG?source=2&date=2002&format=json,
gdp_growth,CHN,2003,10.1138119025242,percent,,2026-10-01T15:44:06+00:00,https://api.worldbank.org/v2/country/CHN/indicator/NY.GDP.MKTP.KD.ZG?source=2&date=2003&format=json,
gdp_growth,CHN,2004,10.1404291872206,percent,,2026-10-01T15:44:06+00:00,https://api.worldbank.org/v2/country/CHN/indicator/NY.GDP.MKTP.KD.ZG?source=2&date=2004&format=json,
gdp_growth,CHN,2005,11.4535130030645,percent,,2026-10-01T15:44:06+00:00,https://api.worldbank.org/v2/country/CHN/indicator/NY.GDP.MKTP.KD.ZG?source=2&date=2005&format=json,
gdp_growth,CHN,2006,12.6752842281595,percent,,2026-10-01T15:44:06+00:00,https://api.worldbank.org/v2/country/CHN/indicator/NY.GDP.MKTP.KD.ZG?source=2&date=2006&format=json,
gdp_growth,CHN,2007,14.1507710506103,percent,,2026-10-01T15:44:06+00:00,https://api.worldbank.org/v2/country/CHN/indicator/NY.GDP.MKTP.KD.ZG?source=2&date=2007&format=json,
gdp_growth,CHN,2008,9.66877608164454,percent,,2026-10-01T15:44:06+00:00,https://api.worldbank.org/v2/country/CHN/indicator/NY.GDP.MKTP.KD.ZG?source=2&date=2008&format=json,
gdp_growth,CHN,2009,9.40610014336416,percent,,2026-10-01T15:44:06+00:00,https://api.worldbank.org/v2/country/CHN/indicator/NY.GDP.MKTP.KD.ZG?source=2&date=2009&format=json,
gdp_growth,CHN,2010,10.5916903885704,percent,,2026-10-01T15:44:06+00:00,https://api.worldbank.org/v2/country/CHN/indicator/NY.GDP.MKTP.KD.ZG?source=2&date=2010&format=json,
gdp_growth,CHN,2011,9.46205248298186,percent,,2026-10-01T15:44:06+00:00,https://api.worldbank.org/v2/country/CHN/indicator/NY.GDP.MKTP.KD.ZG?source=2&date=2011&format=json,
gdp_growth,CHN,2012,7.8578201481217,percent,,2026-10-01T15:44:06+00:00,https://api.worldbank.org/v2/country/CHN/indicator/NY.GDP.MKTP.KD.ZG?source=2&date=2012&format=json,
gdp_growth,CHN,2013,7.77842954757257,percent,,2026-10-01T15:44:06+00:00,https://api.worldbank.org/v2/country/CHN/indicator/NY.GDP.MKTP.KD.ZG?source=2&date=2013&format=json,
gdp_growth,CHN,2014,7.46100735778161,percent,,2026-10-01T15:44:06+00:00,https://api.worldbank.org/v2/country/CHN/indicator/NY.GDP.MKTP.KD.ZG?source=2&date=2014&format=json,
gdp_growth,CHN,2015,6.98162255562367,percent,,2026-10-01T15:44:06+00:00,https://api.worldbank.org/v2/country/CHN/indicator/NY.GDP.MKTP.KD.ZG?source=2&date=2015&format=json,
gdp_growth,CHN,2016,6.7736886867727,percent,,2026-10-01T15:44:06+00:00,https://api.worldbank.org/v2/country/CHN/indicator/NY.GDP.MKTP.KD.ZG?source=2&date=2016&format=json,
gdp_growth,CHN,2017,6.89123916636191,percent,,2026-10-01T15:44:06+00:00,https://api.worldbank.org/v2/country/CHN/indicator/NY.GDP.MKTP.KD.ZG?source=2&date=2017&format=json,
gdp_growth,CHN,2018,6.757806142324,percent,,2026-10-01T15:44:06+00:00,https://api.worldbank.org/v2/country/CHN/indicator/NY.GDP.MKTP.KD.ZG?source=2&date=2018&format=json,
gdp_growth,CHN,2019,6.06737806333672,percent,,2026-10-01T15:44:06+00:00,https://api.worldbank.org/v2/country/CHN/indicator/NY.GDP.MKTP.KD.ZG?source=2&date=2019&format=json,
gdp_growth,CHN,2020,2.33950385203023,percent,,2026-10-01T15:44:06+00:00,https://api.worldbank.org/v2/country/CHN/indicator/NY.GDP.MKTP.KD.ZG?source=2&date=2020&format=json,
gdp_growth,CHN,2021,8.57038414981781,percent,,2026-10-01T15:44:06+00:00,https://api.worldbank.org/v2/country/CHN/indicator/NY.GDP.MKTP.KD.ZG?source=2&date=2021&format=json,
gdp_growth,CHN,2022,3.13385438394069,percent,,2026-10-01T15:44:06+00:00,https://api.worldbank.org/v2/country/CHN/indicator/NY.GDP.MKTP.KD.ZG?source=2&date=2022&format=json,
gdp_growth,CHN,2023,5.41600334492955,percent,,2026-10-01T15:44:06+00:00,https://api.worldbank.org/v2/country/CHN/indicator/NY.GDP.MKTP.KD.ZG?source=2&date=2023&format=json,
gdp_growth,CHN,2024,4.95830378788091,percent,,2026-10-01T15:44:06+00:00,https://api.worldbank.org/v2/country/CHN/indicator/NY.GDP.MKTP.KD.ZG?source=2&date=2024&format=json,
gdp_growth,CHN,2025,4.95994886240992,percent,,2026-10-01T15:44:06+00:00,https://api.worldbank.org/v2/country/CHN/indicator/NY.GDP.MKTP.KD.ZG?source=2&date=2025&format=json,
gdp_per_capita_usd,CHN,1960,89.7150749167731,USD/person,,2026-10-01T15:44:06+00:00,https://api.worldbank.org/v2/country/CHN/indicator/NY.GDP.PCAP.CD?source=2&date=1960&format=json,
gdp_per_capita_usd,CHN,1961,75.9655011127574,USD/person,,2026-10-01T15:44:06+00:00,https://api.worldbank.org/v2/country/CHN/indicator/NY.GDP.PCAP.CD?source=2&date=1961&format=json,
gdp_per_capita_usd,CHN,1962,71.0616845971262,USD/person,,2026-10-01T15:44:06+00:00,https://api.worldbank.org/v2/country/CHN/indicator/NY.GDP.PCAP.CD?source=2&date=1962&format=json,
gdp_per_capita_usd,CHN,1963,74.4681540864463,USD/person,,2026-10-01T15:44:06+00:00,https://api.worldbank.org/v2/country/CHN/indicator/NY.GDP.PCAP.CD?source=2&date=1963&format=json,
gdp_per_capita_usd,CHN,1964,85.6611074645449,USD/person,,2026-10-01T15:44:06+00:00,https://api.worldbank.org/v2/country/CHN/indicator/NY.GDP.PCAP.CD?source=2&date=1964&format=json,
gdp_per_capita_usd,CHN,1965,98.6681688740435,USD/person,,2026-10-01T15:44:06+00:00,https://api.worldbank.org/v2/country/CHN/indicator/NY.GDP.PCAP.CD?source=2&date=1965&format=json,
gdp_per_capita_usd,CHN,1966,104.50646350178,USD/person,,2026-10-01T15:44:06+00:00,https://api.worldbank.org/v2/country/CHN/indicator/NY.GDP.PCAP.CD?source=2&date=1966&format=json,
gdp_per_capita_usd,CHN,1967,96.7614480104016,USD/person,,2026-10-01T15:44:06+00:00,https://api.worldbank.org/v2/country/CHN/indicator/NY.GDP.PCAP.CD?source=2&date=1967&format=json,
gdp_per_capita_usd,CHN,1968,91.6454581848979,USD/person,,2026-10-01T15:44:06+00:00,https://api.worldbank.org/v2/country/CHN/indicator/NY.GDP.PCAP.CD?source=2&date=1968&format=json,
gdp_per_capita_usd,CHN,1969,100.308139479526,USD/person,,2026-10-01T15:44:06+00:00,https://api.worldbank.org/v2/country/CHN/indicator/NY.GDP.PCAP.CD?source=2&date=1969&format=json,
gdp_per_capita_usd,CHN,1970,113.346243039894,USD/person,,2026-10-01T15:44:06+00:00,https://api.worldbank.org/v2/country/CHN/indicator/NY.GDP.PCAP.CD?source=2&date=1970&format=json,
gdp_per_capita_usd,CHN,1971,118.84249157909,USD/person,,2026-10-01T15:44:06+00:00,https://api.worldbank.org/v2/country/CHN/indicator/NY.GDP.PCAP.CD?source=2&date=1971&format=json,
gdp_per_capita_usd,CHN,1972,132.097410431007,USD/person,,2026-10-01T15:44:06+00:00,https://api.worldbank.org/v2/country/CHN/indicator/NY.GDP.PCAP.CD?source=2&date=1972&format=json,
gdp_per_capita_usd,CHN,1973,157.339888078555,USD/person,,2026-10-01T15:44:06+00:00,https://api.worldbank.org/v2/country/CHN/indicator/NY.GDP.PCAP.CD?source=2&date=1973&format=json,
gdp_per_capita_usd,CHN,1974,160.402546852304,USD/person,,2026-10-01T15:44:06+00:00,https://api.worldbank.org/v2/country/CHN/indicator/NY.GDP.PCAP.CD?source=2&date=1974&format=json,
gdp_per_capita_usd,CHN,1975,178.621249282085,USD/person,,2026-10-01T15:44:06+00:00,https://api.worldbank.org/v2/country/CHN/indicator/NY.GDP.PCAP.CD?source=2&date=1975&format=json,
gdp_per_capita_usd,CHN,1976,165.680987722637,USD/person,,2026-10-01T15:44:06+00:00,https://api.worldbank.org/v2/country/CHN/indicator/NY.GDP.PCAP.CD?source=2&date=1976&format=json,
gdp_per_capita_usd,CHN,1977,185.728620718294,USD/person,,2026-10-01T15:44:06+00:00,https://api.worldbank.org/v2/country/CHN/indicator/NY.GDP.PCAP.CD?source=2&date=1977&format=json,
gdp_per_capita_usd,CHN,1978,156.655616850835,USD/person,,2026-10-01T15:44:06+00:00,https://api.worldbank.org/v2/country/CHN/indicator/NY.GDP.PCAP.CD?source=2&date=1978&format=json,
gdp_per_capita_usd,CHN,1979,184.285853059043,USD/person,,2026-10-01T15:44:06+00:00,https://api.worldbank.org/v2/country/CHN/indicator/NY.GDP.PCAP.CD?source=2&date=1979&format=json,
gdp_per_capita_usd,CHN,1980,195.149479992051,USD/person,,2026-10-01T15:44:06+00:00,https://api.worldbank.org/v2/country/CHN/indicator/NY.GDP.PCAP.CD?source=2&date=1980&format=json,
gdp_per_capita_usd,CHN,1981,197.425510967822,USD/person,,2026-10-01T15:44:06+00:00,https://api.worldbank.org/v2/country/CHN/indicator/NY.GDP.PCAP.CD?source=2&date=1981&format=json,
gdp_per_capita_usd,CHN,1982,203.722788366928,USD/person,,2026-10-01T15:44:06+00:00,https://api.worldbank.org/v2/country/CHN/indicator/NY.GDP.PCAP.CD?source=2&date=1982&format=json,
gdp_per_capita_usd,CHN,1983,225.86534696156,USD/person,,2026-10-01T15:44:06+00:00,https://api.worldbank.org/v2/country/CHN/indicator/NY.GDP.PCAP.CD?source=2&date=1983&format=json,
gdp_per_capita_usd,CHN,1984,251.192686463827,USD/person,,2026-10-01T15:44:06+00:00,https://api.worldbank.org/v2/country/CHN/indicator/NY.GDP.PCAP.CD?source=2&date=1984&format=json,
gdp_per_capita_usd,CHN,1985,295.007445815897,USD/person,,2026-10-01T15:44:06+00:00,https://api.worldbank.org/v2/country/CHN/indicator/NY.GDP.PCAP.CD?source=2&date=1985&format=json,
gdp_per_capita_usd,CHN,1986,282.445603096707,USD/person,,2026-10-01T15:44:06+00:00,https://api.worldbank.org/v2/country/CHN/indicator/NY.GDP.PCAP.CD?source=2&date=1986&format=json,
gdp_per_capita_usd,CHN,1987,252.256760114454,USD/person,,2026-10-01T15:44:06+00:00,https://api.worldbank.org/v2/country/CHN/indicator/NY.GDP.PCAP.CD?source=2&date=1987&format=json,
gdp_per_capita_usd,CHN,1988,284.023573149686,USD/person,,2026-10-01T15:44:06+00:00,https://api.worldbank.org/v2/country/CHN/indicator/NY.GDP.PCAP.CD?source=2&date=1988&format=json,
gdp_per_capita_usd,CHN,1989,311.429461227032,USD/person,,2026-10-01T15:44:06+00:00,https://api.worldbank.org/v2/country/CHN/indicator/NY.GDP.PCAP.CD?source=2&date=1989&format=json,
gdp_per_capita_usd,CHN,1990,318.50335359039,USD/person,,2026-10-01T15:44:06+00:00,https://api.worldbank.org/v2/country/CHN/indicator/NY.GDP.PCAP.CD?source=2&date=1990&format=json,
gdp_per_capita_usd,CHN,1991,334.130288119078,USD/person,,2026-10-01T15:44:06+00:00,https://api.worldbank.org/v2/country/CHN/indicator/NY.GDP.PCAP.CD?source=2&date=1991&format=json,
gdp_per_capita_usd,CHN,1992,367.822651903542,USD/person,,2026-10-01T15:44:06+00:00,https://api.worldbank.org/v2/country/CHN/indicator/NY.GDP.PCAP.CD?source=2&date=1992&format=json,
gdp_per_capita_usd,CHN,1993,378.939353053314,USD/person,,2026-10-01T15:44:06+00:00,https://api.worldbank.org/v2/country/CHN/indicator/NY.GDP.PCAP.CD?source=2&date=1993&format=json,
gdp_per_capita_usd,CHN,1994,475.677874448369,USD/person,,2026-10-01T15:44:06+00:00,https://api.worldbank.org/v2/country/CHN/indicator/NY.GDP.PCAP.CD?source=2&date=1994&format=json,
gdp_per_capita_usd,CHN,1995,612.680277898627,USD/person,,2026-10-01T15:44:06+00:00,https://api.worldbank.org/v2/country/CHN/indicator/NY.GDP.PCAP.CD?source=2&date=1995&format=json,
gdp_per_capita_usd,CHN,1996,713.337387811657,USD/person,,2026-10-01T15:44:06+00:00,https://api.worldbank.org/v2/country/CHN/indicator/NY.GDP.PCAP.CD?source=2&date=1996&format=json,
gdp_per_capita_usd,CHN,1997,786.743548510999,USD/person,,2026-10-01T15:44:06+00:00,https://api.worldbank.org/v2/country/CHN/indicator/NY.GDP.PCAP.CD?source=2&date=1997&format=json,
gdp_per_capita_usd,CHN,1998,835.095348597432,USD/person,,2026-10-01T15:44:06+00:00,https://api.worldbank.org/v2/country/CHN/indicator/NY.GDP.PCAP.CD?source=2&date=1998&format=json,
gdp_per_capita_usd,CHN,1999,881.146614068925,USD/person,,2026-10-01T15:44:06+00:00,https://api.worldbank.org/v2/country/CHN/indicator/NY.GDP.PCAP.CD?source=2&date=1999&format=json,
gdp_per_capita_usd,CHN,2000,969.199513696287,USD/person,,2026-10-01T15:44:06+00:00,https://api.worldbank.org/v2/country/CHN/indicator/NY.GDP.PCAP.CD?source=2&date=2000&format=json,
gdp_per_capita_usd,CHN,2001,1065.40597574519,USD/person,,2026-10-01T15:44:06+00:00,https://api.worldbank.org/v2/country/CHN/indicator/NY.GDP.PCAP.CD?source=2&date=2001&format=json,
gdp_per_capita_usd,CHN,2002,1163.55957673426,USD/person,,2026-10-01T15:44:06+00:00,https://api.worldbank.org/v2/country/CHN/indicator/NY.GDP.PCAP.CD?source=2&date=2002&format=json,
gdp_per_capita_usd,CHN,2003,1306.97245408557,USD/person,,2026-10-01T15:44:06+00:00,https://api.worldbank.org/v2/country/CHN/indicator/NY.GDP.PCAP.CD?source=2&date=2003&format=json,
gdp_per_capita_usd,CHN,2004,1530.92726215723,USD/person,,2026-10-01T15:44:06+00:00,https://api.worldbank.org/v2/country/CHN/indicator/NY.GDP.PCAP.CD?source=2&date=2004&format=json,
gdp_per_capita_usd,CHN,2005,1777.64496828464,USD/person,,2026-10-01T15:44:06+00:00,https://api.worldbank.org/v2/country/CHN/indicator/NY.GDP.PCAP.CD?source=2&date=2005&format=json,
gdp_per_capita_usd,CHN,2006,2129.25696999613,USD/person,,2026-10-01T15:44:06+00:00,https://api.worldbank.org/v2/country/CHN/indicator/NY.GDP.PCAP.CD?source=2&date=2006&format=json,
gdp_per_capita_usd,CHN,2007,2734.72709877693,USD/person,,2026-10-01T15:44:06+00:00,https://api.worldbank.org/v2/country/CHN/indicator/NY.GDP.PCAP.CD?source=2&date=2007&format=json,
gdp_per_capita_usd,CHN,2008,3523.44302065213,USD/person,,2026-10-01T15:44:06+00:00,https://api.worldbank.org/v2/country/CHN/indicator/NY.GDP.PCAP.CD?source=2&date=2008&format=json,
gdp_per_capita_usd,CHN,2009,3898.24459158811,USD/person,,2026-10-01T15:44:06+00:00,https://api.worldbank.org/v2/country/CHN/indicator/NY.GDP.PCAP.CD?source=2&date=2009&format=json,
gdp_per_capita_usd,CHN,2010,4629.24551710077,USD/person,,2026-10-01T15:44:06+00:00,https://api.worldbank.org/v2/country/CHN/indicator/NY.GDP.PCAP.CD?source=2&date=2010&format=json,
gdp_per_capita_usd,CHN,2011,5703.76027973346,USD/person,,2026-10-01T15:44:06+00:00,https://api.worldbank.org/v2/country/CHN/indicator/NY.GDP.PCAP.CD?source=2&date=2011&format=json,
gdp_per_capita_usd,CHN,2012,6405.0574241349,USD/person,,2026-10-01T15:44:06+00:00,https://api.worldbank.org/v2/country/CHN/indicator/NY.GDP.PCAP.CD?source=2&date=2012&format=json,
gdp_per_capita_usd,CHN,2013,7147.03518622344,USD/person,,2026-10-01T15:44:06+00:00,https://api.worldbank.org/v2/country/CHN/indicator/NY.GDP.PCAP.CD?source=2&date=2013&format=json,
gdp_per_capita_usd,CHN,2014,7781.06597484974,USD/person,,2026-10-01T15:44:06+00:00,https://api.worldbank.org/v2/country/CHN/indicator/NY.GDP.PCAP.CD?source=2&date=2014&format=json,
gdp_per_capita_usd,CHN,2015,8175.33285077393,USD/person,,2026-10-01T15:44:06+00:00,https://api.worldbank.org/v2/country/CHN/indicator/NY.GDP.PCAP.CD?source=2&date=2015&format=json,
gdp_per_capita_usd,CHN,2016,8254.86859320357,USD/person,,2026-10-01T15:44:06+00:00,https://api.worldbank.org/v2/country/CHN/indicator/NY.GDP.PCAP.CD?source=2&date=2016&format=json,
gdp_per_capita_usd,CHN,2017,8979.67652709856,USD/person,,2026-10-01T15:44:06+00:00,https://api.worldbank.org/v2/country/CHN/indicator/NY.GDP.PCAP.CD?source=2&date=2017&format=json,
gdp_per_capita_usd,CHN,2018,10085.6638148819,USD/person,,2026-10-01T15:44:06+00:00,https://api.worldbank.org/v2/country/CHN/indicator/NY.GDP.PCAP.CD?source=2&date=2018&format=json,
gdp_per_capita_usd,CHN,2019,10342.9009524335,USD/person,,2026-10-01T15:44:06+00:00,https://api.worldbank.org/v2/country/CHN/indicator/NY.GDP.PCAP.CD?source=2&date=2019&format=json,
gdp_per_capita_usd,CHN,2020,10627.4637989619,USD/person,,2026-10-01T15:44:06+00:00,https://api.worldbank.org/v2/country/CHN/indicator/NY.GDP.PCAP.CD?source=2&date=2020&format=json,
gdp_per_capita_usd,CHN,2021,12887.4357242941,USD/person,,2026-10-01T15:44:06+00:00,https://api.worldbank.org/v2/country/CHN/indicator/NY.GDP.PCAP.CD?source=2&date=2021&format=json,
gdp_per_capita_usd,CHN,2022,12970.6056414327,USD/person,,2026-10-01T15:44:06+00:00,https://api.worldbank.org/v2/country/CHN/indicator/NY.GDP.PCAP.CD?source=2&date=2022&format=json,
gdp_per_capita_usd,CHN,2023,12951.1782397043,USD/person,,2026-10-01T15:44:06+00:00,https://api.worldbank.org/v2/country/CHN/indicator/NY.GDP.PCAP.CD?source=2&date=2023&format=json,
gdp_per_capita_usd,CHN,2024,13293.1162269366,USD/person,,2026-10-01T15:44:06+00:00,https://api.worldbank.org/v2/country/CHN/indicator/NY.GDP.PCAP.CD?source=2&date=2024&format=json,
gdp_per_capita_usd,CHN,2025,13861.970224368,USD/person,,2026-10-01T15:44:06+00:00,https://api.worldbank.org/v2/country/CHN/indicator/NY.GDP.PCAP.CD?source=2&date=2025&format=json,
gdp_usd,CHN,1960,59846235024.7318,USD,,2026-10-01T15:44:06+00:00,https://api.worldbank.org/v2/country/CHN/indicator/NY.GDP.MKTP.CD?source=2&date=1960&format=json,
gdp_usd,CHN,1961,50162299349.7871,USD,,2026-10-01T15:44:06+00:00,https://api.worldbank.org/v2/country/CHN/indicator/NY.GDP.MKTP.CD?source=2&date=1961&format=json,
gdp_usd,CHN,1962,47310737754.2287,USD,,2026-10-01T15:44:06+00:00,https://api.worldbank.org/v2/country/CHN/indicator/NY.GDP.MKTP.CD?source=2&date=1962&format=json,
gdp_usd,CHN,1963,50812227918.5753,USD,,2026-10-01T15:44:06+00:00,https://api.worldbank.org/v2/country/CHN/indicator/NY.GDP.MKTP.CD?source=2&date=1963&format=json,
gdp_usd,CHN,1964,59821862703.4023,USD,,2026-10-01T15:44:06+00:00,https://api.worldbank.org/v2/country/CHN/indicator/NY.GDP.MKTP.CD?source=2&date=1964&format=json,
gdp_usd,CHN,1965,70565994356.1828,USD,,2026-10-01T15:44:06+00:00,https://api.worldbank.org/v2/country/CHN/indicator/NY.GDP.MKTP.CD?source=2&date=1965&format=json,
gdp_usd,CHN,1966,76854053259.209,USD,,2026-10-01T15:44:06+00:00,https://api.worldbank.org/v2/country/CHN/indicator/NY.GDP.MKTP.CD?source=2&date=1966&format=json,
gdp_usd,CHN,1967,73011350596.2485,USD,,2026-10-01T15:44:06+00:00,https://api.worldbank.org/v2/country/CHN/indicator/NY.GDP.MKTP.CD?source=2&date=1967&format=json,
gdp_usd,CHN,1968,70980323818.7853,USD,,2026-10-01T15:44:06+00:00,https://api.worldbank.org/v2/country/CHN/indicator/NY.GDP.MKTP.CD?source=2&date=1968&format=json,
gdp_usd,CHN,1969,79847786729.1898,USD,,2026-10-01T15:44:06+00:00,https://api.worldbank.org/v2/country/CHN/indicator/NY.GDP.MKTP.CD?source=2&date=1969&format=json,
gdp_usd,CHN,1970,92752930873.1912,USD,,2026-10-01T15:44:06+00:00,https://api.worldbank.org/v2/country/CHN/indicator/NY.GDP.MKTP.CD?source=2&date=1970&format=json,
gdp_usd,CHN,1971,99959013879.6308,USD,,2026-10-01T15:44:06+00:00,https://api.worldbank.org/v2/country/CHN/indicator/NY.GDP.MKTP.CD?source=2&date=1971&format=json,
gdp_usd,CHN,1972,113871930713.841,USD,,2026-10-01T15:44:06+00:00,https://api.worldbank.org/v2/country/CHN/indicator/NY.GDP.MKTP.CD?source=2&date=1972&format=json,
gdp_usd,CHN,1973,138764340892,USD,,2026-10-01T15:44:06+00:00,https://api.worldbank.org/v2/country/CHN/indicator/NY.GDP.MKTP.CD?source=2&date=1973&format=json,
gdp_usd,CHN,1974,144418433058.472,USD,,2026-10-01T15:44:06+00:00,https://api.worldbank.org/v2/country/CHN/indicator/NY.GDP.MKTP.CD?source=2&date=1974&format=json,
gdp_usd,CHN,1975,163687619735.857,USD,,2026-10-01T15:44:06+00:00,https://api.worldbank.org/v2/country/CHN/indicator/NY.GDP.MKTP.CD?source=2&date=1975&format=json,
gdp_usd,CHN,1976,154196810058.643,USD,,2026-10-01T15:44:06+00:00,https://api.worldbank.org/v2/country/CHN/indicator/NY.GDP.MKTP.CD?source=2&date=1976&format=json,
gdp_usd,CHN,1977,175226595859.778,USD,,2026-10-01T15:44:06+00:00,https://api.worldbank.org/v2/country/CHN/indicator/NY.GDP.MKTP.CD?source=2&date=1977&format=json,
gdp_usd,CHN,1978,149788617886.179,USD,,2026-10-01T15:44:06+00:00,https://api.worldbank.org/v2/country/CHN/indicator/NY.GDP.MKTP.CD?source=2&date=1978&format=json,
gdp_usd,CHN,1979,178573913043.478,USD,,2026-10-01T15:44:06+00:00,https://api.worldbank.org/v2/country/CHN/indicator/NY.GDP.MKTP.CD?source=2&date=1979&format=json,
gdp_usd,CHN,1980,191487500000,USD,,2026-10-01T15:44:06+00:00,https://api.worldbank.org/v2/country/CHN/indicator/NY.GDP.MKTP.CD?source=2&date=1980&format=json,
gdp_usd,CHN,1981,196218253968.254,USD,,2026-10-01T15:44:06+00:00,https://api.worldbank.org/v2/country/CHN/indicator/NY.GDP.MKTP.CD?source=2&date=1981&format=json,
gdp_usd,CHN,1982,205480916030.534,USD,,2026-10-01T15:44:06+00:00,https://api.worldbank.org/v2/country/CHN/indicator/NY.GDP.MKTP.CD?source=2&date=1982&format=json,
gdp_usd,CHN,1983,231130268199.234,USD,,2026-10-01T15:44:06+00:00,https://api.worldbank.org/v2/country/CHN/indicator/NY.GDP.MKTP.CD?source=2&date=1983&format=json,
gdp_usd,CHN,1984,260442857142.857,USD,,2026-10-01T15:44:06+00:00,https://api.worldbank.org/v2/country/CHN/indicator/NY.GDP.MKTP.CD?source=2&date=1984&format=json,
gdp_usd,CHN,1985,310064625850.34,USD,,2026-10-01T15:44:06+00:00,https://api.worldbank.org/v2/country/CHN/indicator/NY.GDP.MKTP.CD?source=2&date=1985&format=json,
gdp_usd,CHN,1986,301310144927.536,USD,,2026-10-01T15:44:06+00:00,https://api.worldbank.org/v2/country/CHN/indicator/NY.GDP.MKTP.CD?source=2&date=1986&format=json,
gdp_usd,CHN,1987,273455156950.673,USD,,2026-10-01T15:44:06+00:00,https://api.worldbank.org/v2/country/CHN/indicator/NY.GDP.MKTP.CD?source=2&date=1987&format=json,
gdp_usd,CHN,1988,312888888888.889,USD,,2026-10-01T15:44:06+00:00,https://api.worldbank.org/v2/country/CHN/indicator/NY.GDP.MKTP.CD?source=2&date=1988&format=json,
gdp_usd,CHN,1989,348380566801.619,USD,,2026-10-01T15:44:06+00:00,https://api.worldbank.org/v2/country/CHN/indicator/NY.GDP.MKTP.CD?source=2&date=1989&format=json,
gdp_usd,CHN,1990,361560229445.507,USD,,2026-10-01T15:44:06+00:00,https://api.worldbank.org/v2/country/CHN/indicator/NY.GDP.MKTP.CD?source=2&date=1990&format=json,
gdp_usd,CHN,1991,384510452961.672,USD,,2026-10-01T15:44:06+00:00,https://api.worldbank.org/v2/country/CHN/indicator/NY.GDP.MKTP.CD?source=2&date=1991&format=json,
gdp_usd,CHN,1992,428502354788.069,USD,,2026-10-01T15:44:06+00:00,https://api.worldbank.org/v2/country/CHN/indicator/NY.GDP.MKTP.CD?source=2&date=1992&format=json,
gdp_usd,CHN,1993,446557291212.148,USD,,2026-10-01T15:44:06+00:00,https://api.worldbank.org/v2/country/CHN/indicator/NY.GDP.MKTP.CD?source=2&date=1993&format=json,
gdp_usd,CHN,1994,566929539493.172,USD,,2026-10-01T15:44:06+00:00,https://api.worldbank.org/v2/country/CHN/indicator/NY.GDP.MKTP.CD?source=2&date=1994&format=json,
gdp_usd,CHN,1995,738190896227.55,USD,,2026-10-01T15:44:06+00:00,https://api.worldbank.org/v2/country/CHN/indicator/NY.GDP.MKTP.CD?source=2&date=1995&format=json,
gdp_usd,CHN,1996,868523936530.083,USD,,2026-10-01T15:44:06+00:00,https://api.worldbank.org/v2/country/CHN/indicator/NY.GDP.MKTP.CD?source=2&date=1996&format=json,
gdp_usd,CHN,1997,967753570434.667,USD,,2026-10-01T15:44:06+00:00,https://api.worldbank.org/v2/country/CHN/indicator/NY.GDP.MKTP.CD?source=2&date=1997&format=json,
gdp_usd,CHN,1998,1037134141760.35,USD,,2026-10-01T15:44:06+00:00,https://api.worldbank.org/v2/country/CHN/indicator/NY.GDP.MKTP.CD?source=2&date=1998&format=json,
gdp_usd,CHN,1999,1103843203575.64,USD,,2026-10-01T15:44:06+00:00,https://api.worldbank.org/v2/country/CHN/indicator/NY.GDP.MKTP.CD?source=2&date=1999&format=json,
gdp_usd,CHN,2000,1223754919971.05,USD,,2026-10-01T15:44:06+00:00,https://api.worldbank.org/v2/country/CHN/indicator/NY.GDP.MKTP.CD?source=2&date=2000&format=json,
gdp_usd,CHN,2001,1355036590251.52,USD,,2026-10-01T15:44:06+00:00,https://api.worldbank.org/v2/country/CHN/indicator/NY.GDP.MKTP.CD?source=2&date=2001&format=json,
gdp_usd,CHN,2002,1489821682050.54,USD,,2026-10-01T15:44:06+00:00,https://api.worldbank.org/v2/country/CHN/indicator/NY.GDP.MKTP.CD?source=2&date=2002&format=json,
gdp_usd,CHN,2003,1683903309843.85,USD,,2026-10-01T15:44:06+00:00,https://api.worldbank.org/v2/country/CHN/indicator/NY.GDP.MKTP.CD?source=2&date=2003&format=json,
gdp_usd,CHN,2004,1984196551300.44,USD,,2026-10-01T15:44:06+00:00,https://api.worldbank.org/v2/country/CHN/indicator/NY.GDP.MKTP.CD?source=2&date=2004&format=json,
gdp_usd,CHN,2005,2317551298052.05,USD,,2026-10-01T15:44:06+00:00,https://api.worldbank.org/v2/country/CHN/indicator/NY.GDP.MKTP.CD?source=2&date=2005&format=json,
gdp_usd,CHN,2006,2791498472804.33,USD,,2026-10-01T15:44:06+00:00,https://api.worldbank.org/v2/country/CHN/indicator/NY.GDP.MKTP.CD?source=2&date=2006&format=json,
gdp_usd,CHN,2007,3604055822571.63,USD,,2026-10-01T15:44:06+00:00,https://api.worldbank.org/v2/country/CHN/indicator/NY.GDP.MKTP.CD?source=2&date=2007&format=json,
gdp_usd,CHN,2008,4667346414521.95,USD,,2026-10-01T15:44:06+00:00,https://api.worldbank.org/v2/country/CHN/indicator/NY.GDP.MKTP.CD?source=2&date=2008&format=json,
gdp_usd,CHN,2009,5189577094997.58,USD,,2026-10-01T15:44:06+00:00,https://api.worldbank.org/v2/country/CHN/indicator/NY.GDP.MKTP.CD?source=2&date=2009&format=json,
gdp_usd,CHN,2010,6192564874453.29,USD,,2026-10-01T15:44:06+00:00,https://api.worldbank.org/v2/country/CHN/indicator/NY.GDP.MKTP.CD?source=2&date=2010&format=json,
gdp_usd,CHN,2011,7671757207851.29,USD,,2026-10-01T15:44:06+00:00,https://api.worldbank.org/v2/country/CHN/indicator/NY.GDP.MKTP.CD?source=2&date=2011&format=json,
gdp_usd,CHN,2012,8673664713189.24,USD,,2026-10-01T15:44:06+00:00,https://api.worldbank.org/v2/country/CHN/indicator/NY.GDP.MKTP.CD?source=2&date=2012&format=json,
gdp_usd,CHN,2013,9743124247267.24,USD,,2026-10-01T15:44:06+00:00,https://api.worldbank.org/v2/country/CHN/indicator/NY.GDP.MKTP.CD?source=2&date=2013&format=json,
gdp_usd,CHN,2014,10674533168257.4,USD,,2026-10-01T15:44:06+00:00,https://api.worldbank.org/v2/country/CHN/indicator/NY.GDP.MKTP.CD?source=2&date=2014&format=json,
gdp_usd,CHN,2015,11280814787468.9,USD,,2026-10-01T15:44:06+00:00,https://api.worldbank.org/v2/country/CHN/indicator/NY.GDP.MKTP.CD?source=2&date=2015&format=json,
gdp_usd,CHN,2016,11456024084962,USD,,2026-10-01T15:44:06+00:00,https://api.worldbank.org/v2/country/CHN/indicator/NY.GDP.MKTP.CD?source=2&date=2016&format=json,
gdp_usd,CHN,2017,12537559062282.9,USD,,2026-10-01T15:44:06+00:00,https://api.worldbank.org/v2/country/CHN/indicator/NY.GDP.MKTP.CD?source=2&date=2017&format=json,
gdp_usd,CHN,2018,14147765772963.8,USD,,2026-10-01T15:44:06+00:00,https://api.worldbank.org/v2/country/CHN/indicator/NY.GDP.MKTP.CD?source=2&date=2018&format=json,
gdp_usd,CHN,2019,14560167101283.4,USD,,2026-10-01T15:44:06+00:00,https://api.worldbank.org/v2/country/CHN/indicator/NY.GDP.MKTP.CD?source=2&date=2019&format=json,
gdp_usd,CHN,2020,14996414166715.1,USD,,2026-10-01T15:44:06+00:00,https://api.worldbank.org/v2/country/CHN/indicator/NY.GDP.MKTP.CD?source=2&date=2020&format=json,
gdp_usd,CHN,2021,18201698719564,USD,,2026-10-01T15:44:06+00:00,https://api.worldbank.org/v2/country/CHN/indicator/NY.GDP.MKTP.CD?source=2&date=2021&format=json,
gdp_usd,CHN,2022,18316765021690.2,USD,,2026-10-01T15:44:06+00:00,https://api.worldbank.org/v2/country/CHN/indicator/NY.GDP.MKTP.CD?source=2&date=2022&format=json,
gdp_usd,CHN,2023,18270356654533.2,USD,,2026-10-01T15:44:06+00:00,https://api.worldbank.org/v2/country/CHN/indicator/NY.GDP.MKTP.CD?source=2&date=2023&format=json,
gdp_usd,CHN,2024,18729668435848,USD,,2026-10-01T15:44:06+00:00,https://api.worldbank.org/v2/country/CHN/indicator/NY.GDP.MKTP.CD?source=2&date=2024&format=json,
gdp_usd,CHN,2025,19498039388042.6,USD,,2026-10-01T15:44:06+00:00,https://api.worldbank.org/v2/country/CHN/indicator/NY.GDP.MKTP.CD?source=2&date=2025&format=json,
gdp_usd,USA,1960,541988586206.897,USD,,2026-10-01T15:44:06+00:00,https://api.worldbank.org/v2/country/USA/indicator/NY.GDP.MKTP.CD?source=2&date=1960&format=json,
gdp_usd,USA,1961,561940310344.828,USD,,2026-10-01T15:44:06+00:00,https://api.worldbank.org/v2/country/USA/indicator/NY.GDP.MKTP.CD?source=2&date=1961&format=json,
gdp_usd,USA,1962,603639413793.103,USD,,2026-10-01T15:44:06+00:00,https://api.worldbank.org/v2/country/USA/indicator/NY.GDP.MKTP.CD?source=2&date=1962&format=json,
gdp_usd,USA,1963,637058551724.138,USD,,2026-10-01T15:44:06+00:00,https://api.worldbank.org/v2/country/USA/indicator/NY.GDP.MKTP.CD?source=2&date=1963&format=json,
gdp_usd,USA,1964,684144620689.655,USD,,2026-10-01T15:44:06+00:00,https://api.worldbank.org/v2/country/USA/indicator/NY.GDP.MKTP.CD?source=2&date=1964&format=json,
gdp_usd,USA,1965,741904862068.965,USD,,2026-10-01T15:44:06+00:00,https://api.worldbank.org/v2/country/USA/indicator/NY.GDP.MKTP.CD?source=2&date=1965&format=json,
gdp_usd,USA,1966,813032758620.69,USD,,2026-10-01T15:44:06+00:00,https://api.worldbank.org/v2/country/USA/indicator/NY.GDP.MKTP.CD?source=2&date=1966&format=json,
gdp_usd,USA,1967,859620034482.759,USD,,2026-10-01T15:44:06+00:00,https://api.worldbank.org/v2/country/USA/indicator/NY.GDP.MKTP.CD?source=2&date=1967&format=json,
gdp_usd,USA,1968,940225000000,USD,,2026-10-01T15:44:06+00:00,https://api.worldbank.org/v2/country/USA/indicator/NY.GDP.MKTP.CD?source=2&date=1968&format=json,
gdp_usd,USA,1969,1017438172413.79,USD,,2026-10-01T15:44:06+00:00,https://api.worldbank.org/v2/country/USA/indicator/NY.GDP.MKTP.CD?source=2&date=1969&format=json,
gdp_usd,USA,1970,1073303000000,USD,,2026-10-01T15:44:06+00:00,https://api.worldbank.org/v2/country/USA/indicator/NY.GDP.MKTP.CD?source=2&date=1970&format=json,
gdp_usd,USA,1971,1164850000000,USD,,2026-10-01T15:44:06+00:00,https://api.worldbank.org/v2/country/USA/indicator/NY.GDP.MKTP.CD?source=2&date=1971&format=json,
gdp_usd,USA,1972,1279110000000,USD,,2026-10-01T15:44:06+00:00,https://api.worldbank.org/v2/country/USA/indicator/NY.GDP.MKTP.CD?source=2&date=1972&format=json,
gdp_usd,USA,1973,1425376000000,USD,,2026-10-01T15:44:06+00:00,https://api.worldbank.org/v2/country/USA/indicator/NY.GDP.MKTP.CD?source=2&date=1973&format=json,
gdp_usd,USA,1974,1545243000000,USD,,2026-10-01T15:44:06+00:00,https://api.worldbank.org/v2/country/USA/indicator/NY.GDP.MKTP.CD?source=2&date=1974&format=json,
gdp_usd,USA,1975,1684904000000,USD,,2026-10-01T15:44:06+00:00,https://api.worldbank.org/v2/country/USA/indicator/NY.GDP.MKTP.CD?source=2&date=1975&format=json,
gdp_usd,USA,1976,1873412000000,USD,,2026-10-01T15:44:06+00:00,https://api.worldbank.org/v2/country/USA/indicator/NY.GDP.MKTP.CD?source=2&date=1976&format=json,
gdp_usd,USA,1977,2081826000000,USD,,2026-10-01T15:44:06+00:00,https://api.worldbank.org/v2/country/USA/indicator/NY.GDP.MKTP.CD?source=2&date=1977&format=json,
gdp_usd,USA,1978,2351599000000,USD,,2026-10-01T15:44:06+00:00,https://api.worldbank.org/v2/country/USA/indicator/NY.GDP.MKTP.CD?source=2&date=1978&format=json,
gdp_usd,USA,1979,2627333000000,USD,,2026-10-01T15:44:06+00:00,https://api.worldbank.org/v2/country/USA/indicator/NY.GDP.MKTP.CD?source=2&date=1979&format=json,
gdp_usd,USA,1980,2857307000000,USD,,2026-10-01T15:44:06+00:00,https://api.worldbank.org/v2/country/USA/indicator/NY.GDP.MKTP.CD?source=2&date=1980&format=json,
gdp_usd,USA,1981,3207041000000,USD,,2026-10-01T15:44:06+00:00,https://api.worldbank.org/v2/country/USA/indicator/NY.GDP.MKTP.CD?source=2&date=1981&format=json,
gdp_usd,USA,1982,3343789000000,USD,,2026-10-01T15:44:06+00:00,https://api.worldbank.org/v2/country/USA/indicator/NY.GDP.MKTP.CD?source=2&date=1982&format=json,
gdp_usd,USA,1983,3634038000000,USD,,2026-10-01T15:44:06+00:00,https://api.worldbank.org/v2/country/USA/indicator/NY.GDP.MKTP.CD?source=2&date=1983&format=json,
gdp_usd,USA,1984,4037613000000,USD,,2026-10-01T15:44:06+00:00,https://api.worldbank.org/v2/country/USA/indicator/NY.GDP.MKTP.CD?source=2&date=1984&format=json,
gdp_usd,USA,1985,4338979000000,USD,,2026-10-01T15:44:06+00:00,https://api.worldbank.org/v2/country/USA/indicator/NY.GDP.MKTP.CD?source=2&date=1985&format=json,
gdp_usd,USA,1986,4579631000000,USD,,2026-10-01T15:44:06+00:00,https://api.worldbank.org/v2/country/USA/indicator/NY.GDP.MKTP.CD?source=2&date=1986&format=json,
gdp_usd,USA,1987,4855215000000,USD,,2026-10-01T15:44:06+00:00,https://api.worldbank.org/v2/country/USA/indicator/NY.GDP.MKTP.CD?source=2&date=1987&format=json,
gdp_usd,USA,1988,5236438000000,USD,,2026-10-01T15:44:06+00:00,https://api.worldbank.org/v2/country/USA/indicator/NY.GDP.MKTP.CD?source=2&date=1988&format=json,
gdp_usd,USA,1989,5641580000000,USD,,2026-10-01T15:44:06+00:00,https://api.worldbank.org/v2/country/USA/indicator/NY.GDP.MKTP.CD?source=2&date=1989&format=json,
gdp_usd,USA,1990,5963144000000,USD,,2026-10-01T15:44:06+00:00,https://api.worldbank.org/v2/country/USA/indicator/NY.GDP.MKTP.CD?source=2&date=1990&format=json,
gdp_usd,USA,1991,6158129000000,USD,,2026-10-01T15:44:06+00:00,https://api.worldbank.org/v2/country/USA/indicator/NY.GDP.MKTP.CD?source=2&date=1991&format=json,
gdp_usd,USA,1992,6520327000000,USD,,2026-10-01T15:44:06+00:00,https://api.worldbank.org/v2/country/USA/indicator/NY.GDP.MKTP.CD?source=2&date=1992&format=json,
gdp_usd,USA,1993,6858559000000,USD,,2026-10-01T15:44:06+00:00,https://api.worldbank.org/v2/country/USA/indicator/NY.GDP.MKTP.CD?source=2&date=1993&format=json,
gdp_usd,USA,1994,7287236000000,USD,,2026-10-01T15:44:06+00:00,https://api.worldbank.org/v2/country/USA/indicator/NY.GDP.MKTP.CD?source=2&date=1994&format=json,
gdp_usd,USA,1995,7639749000000,USD,,2026-10-01T15:44:06+00:00,https://api.worldbank.org/v2/country/USA/indicator/NY.GDP.MKTP.CD?source=2&date=1995&format=json,
gdp_usd,USA,1996,8073122000000,USD,,2026-10-01T15:44:06+00:00,https://api.worldbank.org/v2/country/USA/indicator/NY.GDP.MKTP.CD?source=2&date=1996&format=json,
gdp_usd,USA,1997,8577552000000,USD,,2026-10-01T15:44:06+00:00,https://api.worldbank.org/v2/country/USA/indicator/NY.GDP.MKTP.CD?source=2&date=1997&format=json,
gdp_usd,USA,1998,9062817000000,USD,,2026-10-01T15:44:06+00:00,https://api.worldbank.org/v2/country/USA/indicator/NY.GDP.MKTP.CD?source=2&date=1998&format=json,
gdp_usd,USA,1999,9631172000000,USD,,2026-10-01T15:44:06+00:00,https://api.worldbank.org/v2/country/USA/indicator/NY.GDP.MKTP.CD?source=2&date=1999&format=json,
gdp_usd,USA,2000,10250952000000,USD,,2026-10-01T15:44:06+00:00,https://api.worldbank.org/v2/country/USA/indicator/NY.GDP.MKTP.CD?source=2&date=2000&format=json,
gdp_usd,USA,2001,10581929000000,USD,,2026-10-01T15:44:06+00:00,https://api.worldbank.org/v2/country/USA/indicator/NY.GDP.MKTP.CD?source=2&date=2001&format=json,
gdp_usd,USA,2002,10929108000000,USD,,2026-10-01T15:44:06+00:00,https://api.worldbank.org/v2/country/USA/indicator/NY.GDP.MKTP.CD?source=2&date=2002&format=json,
gdp_usd,USA,2003,11456450000000,USD,,2026-10-01T15:44:06+00:00,https://api.worldbank.org/v2/country/USA/indicator/NY.GDP.MKTP.CD?source=2&date=2003&format=json,
gdp_usd,USA,2004,12217196000000,USD,,2026-10-01T15:44:06+00:00,https://api.worldbank.org/v2/country/USA/indicator/NY.GDP.MKTP.CD?source=2&date=2004&format=json,
gdp_usd,USA,2005,13039197000000,USD,,2026-10-01T15:44:06+00:00,https://api.worldbank.org/v2/country/USA/indicator/NY.GDP.MKTP.CD?source=2&date=2005&format=json,
gdp_usd,USA,2006,13815583000000,USD,,2026-10-01T15:44:06+00:00,https://api.worldbank.org/v2/country/USA/indicator/NY.GDP.MKTP.CD?source=2&date=2006&format=json,
gdp_usd,USA,2007,14474228000000,USD,,2026-10-01T15:44:06+00:00,https://api.worldbank.org/v2/country/USA/indicator/NY.GDP.MKTP.CD?source=2&date=2007&format=json,
gdp_usd,USA,2008,14769862000000,USD,,2026-10-01T15:44:06+00:00,https://api.worldbank.org/v2/country/USA/indicator/NY.GDP.MKTP.CD?source=2&date=2008&format=json,
gdp_usd,USA,2009,14478067000000,USD,,2026-10-01T15:44:06+00:00,https://api.worldbank.org/v2/country/USA/indicator/NY.GDP.MKTP.CD?source=2&date=2009&format=json,
gdp_usd,USA,2010,15048971000000,USD,,2026-10-01T15:44:06+00:00,https://api.worldbank.org/v2/country/USA/indicator/NY.GDP.MKTP.CD?source=2&date=2010&format=json,
gdp_usd,USA,2011,15599732000000,USD,,2026-10-01T15:44:06+00:00,https://api.worldbank.org/v2/country/USA/indicator/NY.GDP.MKTP.CD?source=2&date=2011&format=json,
gdp_usd,USA,2012,16253970000000,USD,,2026-10-01T15:44:06+00:00,https://api.worldbank.org/v2/country/USA/indicator/NY.GDP.MKTP.CD?source=2&date=2012&format=json,
gdp_usd,USA,2013,16880683000000,USD,,2026-10-01T15:44:06+00:00,https://api.worldbank.org/v2/country/USA/indicator/NY.GDP.MKTP.CD?source=2&date=2013&format=json,
gdp_usd,USA,2014,17608138000000,USD,,2026-10-01T15:44:06+00:00,https://api.worldbank.org/v2/country/USA/indicator/NY.GDP.MKTP.CD?source=2&date=2014&format=json,
gdp_usd,USA,2015,18295019000000,USD,,2026-10-01T15:44:06+00:00,https://api.worldbank.org/v2/country/USA/indicator/NY.GDP.MKTP.CD?source=2&date=2015&format=json,
gdp_usd,USA,2016,18804913000000,USD,,2026-10-01T15:44:06+00:00,https://api.worldbank.org/v2/country/USA/indicator/NY.GDP.MKTP.CD?source=2&date=2016&format=json,
gdp_usd,USA,2017,19612102000000,USD,,2026-10-01T15:44:06+00:00,https://api.worldbank.org/v2/country/USA/indicator/NY.GDP.MKTP.CD?source=2&date=2017&format=json,
gdp_usd,USA,2018,20656516000000,USD,,2026-10-01T15:44:06+00:00,https://api.worldbank.org/v2/country/USA/indicator/NY.GDP.MKTP.CD?source=2&date=2018&format=json,
gdp_usd,USA,2019,21539982000000,USD,,2026-10-01T15:44:06+00:00,https://api.worldbank.org/v2/country/USA/indicator/NY.GDP.MKTP.CD?source=2&date=2019&format=json,
gdp_usd,USA,2020,21375281000000,USD,,2026-10-01T15:44:06+00:00,https://api.worldbank.org/v2/country/USA/indicator/NY.GDP.MKTP.CD?source=2&date=2020&format=json,
gdp_usd,USA,2021,23725645000000,USD,,2026-10-01T15:44:06+00:00,https://api.worldbank.org/v2/country/USA/indicator/NY.GDP.MKTP.CD?source=2&date=2021&format=json,
gdp_usd,USA,2022,26054614000000,USD,,2026-10-01T15:44:06+00:00,https://api.worldbank.org/v2/country/USA/indicator/NY.GDP.MKTP.CD?source=2&date=2022&format=json,
gdp_usd,USA,2023,27811517000000,USD,,2026-10-01T15:44:06+00:00,https://api.worldbank.org/v2/country/USA/indicator/NY.GDP.MKTP.CD?source=2&date=2023&format=json,
gdp_usd,USA,2024,29298013000000,USD,,2026-10-01T15:44:06+00:00,https://api.worldbank.org/v2/country/USA/indicator/NY.GDP.MKTP.CD?source=2&date=2024&format=json,
gdp_usd,USA,2025,30769700000000,USD,,2026-10-01T15:44:06+00:00,https://api.worldbank.org/v2/country/USA/indicator/NY.GDP.MKTP.CD?source=2&date=2025&format=json,
